{"cameraMode":{"drawMode":0,"name":"Shaded","section":"Shading Mode"},"sceneLighting":false,"audioPlay":false,"sceneViewState":{"showFog":true,"showMaterialUpdate":false,"showSkybox":false,"showFlares":true,"showImageEffects":true,"showParticleSystems":true},"in2DMode":false,"pivot":{"x":0.0,"y":-0.09488558769226074,"z":-0.47715139389038088},"rotation":{"x":-0.11910545080900192,"y":0.01695767603814602,"z":-0.0021940399892628195,"w":-0.9928123950958252},"size":6.483997344970703,"orthographic":false}