{"cameraMode":{"drawMode":0,"name":"Shaded","section":"Shading Mode"},"sceneLighting":false,"audioPlay":false,"sceneViewState":{"showFog":true,"showMaterialUpdate":false,"showSkybox":false,"showFlares":true,"showImageEffects":true,"showParticleSystems":true},"in2DMode":false,"pivot":{"x":-30.05913543701172,"y":10.156059265136719,"z":0.5000152587890625},"rotation":{"x":0.33652999997138979,"y":0.03814239054918289,"z":-0.013599113561213017,"w":0.940863847732544},"size":24.954111099243165,"orthographic":false}