{"cameraMode":{"drawMode":0,"name":"Shaded","section":"Shading Mode"},"sceneLighting":false,"audioPlay":false,"sceneViewState":{"showFog":true,"showMaterialUpdate":false,"showSkybox":false,"showFlares":true,"showImageEffects":true,"showParticleSystems":true},"in2DMode":false,"pivot":{"x":13.567145347595215,"y":2.2032203674316408,"z":37.628910064697269},"rotation":{"x":-0.25592416524887087,"y":0.028085386380553247,"z":-0.0076032779179513458,"w":-0.9663387537002564},"size":17.10334014892578,"orthographic":false}