{"cameraMode":{"drawMode":0,"name":"Shaded","section":"Shading Mode"},"sceneLighting":false,"audioPlay":false,"sceneViewState":{"showFog":true,"showMaterialUpdate":false,"showSkybox":false,"showFlares":true,"showImageEffects":true,"showParticleSystems":true},"in2DMode":false,"pivot":{"x":0.07396268844604492,"y":0.4967026710510254,"z":-6.361167907714844},"rotation":{"x":-0.11910545080900192,"y":0.01695767603814602,"z":-0.0021940399892628195,"w":-0.9928123950958252},"size":14.942177772521973,"orthographic":false}